scenario,parameter,accept_rate,lag1_autocorr,ess_approx,n_post
MTZ5D + ABZ5D,log_nitro_Emax,0.473666666666667,0.971743350806313,10.2698163781679,1500
MTZ5D + ABZ5D,log_nitro_MIC,0.473666666666667,0.967124095357883,33.5528882418312,1500
MTZ5D + ABZ5D,log_ABZ_Emax,0.473666666666667,0.898215175483414,19.5536089104498,1500
MTZ5D + ABZ5D,log_ABZ_MIC,0.473666666666667,0.955079039185593,32.4311725584838,1500
MTZ7D + ABZ7D,log_nitro_Emax,0.482333333333333,0.979634200511256,8.24266371241411,1500
MTZ7D + ABZ7D,log_nitro_MIC,0.482333333333333,0.971144678030066,25.2518727157402,1500
MTZ7D + ABZ7D,log_ABZ_Emax,0.482333333333333,0.885869419829613,41.9890943768734,1500
MTZ7D + ABZ7D,log_ABZ_MIC,0.482333333333333,0.969722375739731,30.917315438583,1500
MTZ14D + ABZ7D,log_nitro_Emax,0.41,0.978082409536537,9.20501024785336,1500
MTZ14D + ABZ7D,log_nitro_MIC,0.41,0.985437708916255,17.1642589522238,1500
MTZ14D + ABZ7D,log_ABZ_Emax,0.41,0.924947217678264,30.8746545985322,1500
MTZ14D + ABZ7D,log_ABZ_MIC,0.41,0.973151726525233,18.5678320310013,1500
TDZ2G + ABZ5D,log_nitro_Emax,0.463,0.976242756283416,15.6161601346929,1500
TDZ2G + ABZ5D,log_nitro_MIC,0.463,0.978350872488638,10.8571104710334,1500
TDZ2G + ABZ5D,log_ABZ_Emax,0.463,0.972340320748342,13.0924574144317,1500
TDZ2G + ABZ5D,log_ABZ_MIC,0.463,0.977661097131494,19.7083811847907,1500
TDZ2G + ABZ7D,log_nitro_Emax,0.500666666666667,0.972566153781711,10.295575811116,1500
TDZ2G + ABZ7D,log_nitro_MIC,0.500666666666667,0.968798301532233,32.0318843184466,1500
TDZ2G + ABZ7D,log_ABZ_Emax,0.500666666666667,0.951301230813787,13.7976664258898,1500
TDZ2G + ABZ7D,log_ABZ_MIC,0.500666666666667,0.95792465245249,18.363810613244,1500
