Scenario,Protocol,Cleared,Clearance_time_days,Rebounded,Durable_clearance,Min_T,Day30_T,Final_T
baseline,Untreated,0,NaN,0,0,0.5,10.7507232684939,10.7507232684939
baseline,MTZ5D,0,NaN,0,0,0.00871279515047161,10.7150769847144,10.7150769847144
baseline,ABZ5D,1,3.0375,1,0,1.09350984765057e-05,2.3721547350417,2.3721547350417
baseline,NTZ3D,1,2.2,1,0,0.000140140270761834,10.3110654179429,10.3110654179429
baseline,TDZ2G,1,0.866666666666667,1,0,2.17427540859331e-07,0.156952549073293,0.156952549073293
baseline,MTZ14D+ABZ7D,1,1.72916666666667,0,1,2.646492015228e-15,7.45923764985086e-12,7.45923764985086e-12
baseline,QNC7D,1,1.275,0,1,3.37202969342556e-32,3.95329659854765e-32,3.95329659854765e-32
nitroimidazole-reduced,Untreated,0,NaN,0,0,0.5,10.7507232684939,10.7507232684939
nitroimidazole-reduced,MTZ5D,0,NaN,0,0,0.5,10.750558482751,10.750558482751
nitroimidazole-reduced,ABZ5D,1,3.0375,1,0,1.09350984765057e-05,2.3721547350417,2.3721547350417
nitroimidazole-reduced,NTZ3D,1,2.2,1,0,0.000140140270761834,10.3110654179429,10.3110654179429
nitroimidazole-reduced,TDZ2G,0,NaN,0,0,0.0290253123442627,10.7476704219719,10.7476704219719
nitroimidazole-reduced,MTZ14D+ABZ7D,1,2.40416666666667,0,1,3.71099294043662e-09,2.02374443601753e-05,2.02374443601753e-05
nitroimidazole-reduced,QNC7D,1,1.275,0,1,3.37202969342556e-32,3.95329659854765e-32,3.95329659854765e-32
