scenario,parameter,median_multiplier,q025_multiplier,q975_multiplier,mean_log,median_log,q025_log,q975_log,accept_rate,predicted_response,observed_response
MTZ5D + ABZ5D,Nitroimidazole E_{max},1.13185137166776,0.431243712303306,4.88085258710513,0.27477720303627,0.123854674047486,-0.841081890909107,1.58531991507732,0.473666666666667,0.753333333333333,0.792452830188679
MTZ5D + ABZ5D,Nitroimidazole concentration scale,1.03638434391212,0.240851350850392,3.12544649292915,-0.00712751140194891,0.0357380633702952,-1.42357533724241,1.13957715071964,0.473666666666667,0.753333333333333,0.792452830188679
MTZ5D + ABZ5D,Albendazole E_{max},1.91816983233312,1.29727950106584,2.73568193673028,0.647730453803193,0.651371416424086,0.260269380241159,1.00638074180754,0.473666666666667,0.753333333333333,0.792452830188679
MTZ5D + ABZ5D,Albendazole concentration scale,0.842083463893344,0.401642316399184,1.86385667250107,-0.179859795711573,-0.171876143888378,-0.912193346635715,0.622647820871976,0.473666666666667,0.753333333333333,0.792452830188679
MTZ7D + ABZ7D,Nitroimidazole E_{max},1.08210784861214,0.247364411815586,5.01608353837568,0.0860142674322274,0.0789108506993184,-1.39689267813578,1.61264945757305,0.482333333333333,0.8,0.792452830188679
MTZ7D + ABZ7D,Nitroimidazole concentration scale,1.16365482533216,0.263222508069939,4.62303816465971,0.16122988197014,0.151565653434269,-1.33475556620429,1.53105210036023,0.482333333333333,0.8,0.792452830188679
MTZ7D + ABZ7D,Albendazole E_{max},1.57095854397775,1.1130881915164,2.2947175382311,0.452243998630387,0.451685970623431,0.107138306815003,0.830609758914424,0.482333333333333,0.8,0.792452830188679
MTZ7D + ABZ7D,Albendazole concentration scale,0.945065359044908,0.402848219392094,2.76293835613361,-0.0210458217896636,-0.0565011908695605,-0.909195414795772,1.01629473520872,0.482333333333333,0.8,0.792452830188679
MTZ14D + ABZ7D,Nitroimidazole E_{max},0.812821344467035,0.271671708576677,3.00122369697412,-0.15665619125899,-0.207243942085599,-1.30316089540365,1.0990201044913,0.41,0.72,0.792452830188679
MTZ14D + ABZ7D,Nitroimidazole concentration scale,1.39856825164116,0.217127262501944,5.92750279097921,0.201458368150675,0.335438291679786,-1.52727163420138,1.77960300980998,0.41,0.72,0.792452830188679
MTZ14D + ABZ7D,Albendazole E_{max},1.28357070816817,0.757665217645133,1.78872078094172,0.23011055613996,0.249645594124796,-0.27751365627846,0.581500716851805,0.41,0.72,0.792452830188679
MTZ14D + ABZ7D,Albendazole concentration scale,0.881850567001287,0.354530046249209,2.13264430775798,-0.14693528727258,-0.12573266249802,-1.03696217990425,0.757362668789556,0.41,0.72,0.792452830188679
TDZ2G + ABZ5D,Nitroimidazole E_{max},1.63108494289815,0.442422806343032,5.81812321833068,0.460717494748428,0.489214167491192,-0.81548927869444,1.76097773866116,0.463,0.746666666666667,0.792452830188679
TDZ2G + ABZ5D,Nitroimidazole concentration scale,1.21125074374044,0.193437338723437,3.4667445229789,0.0472340878657013,0.191653498249842,-1.64280164984348,1.24321597577863,0.463,0.746666666666667,0.792452830188679
TDZ2G + ABZ5D,Albendazole E_{max},1.76778025380684,0.66397817558175,3.16122245421634,0.481278361966765,0.569724653853072,-0.409505998145645,1.15095880539075,0.463,0.746666666666667,0.792452830188679
TDZ2G + ABZ5D,Albendazole concentration scale,1.05619185907405,0.42497340992002,4.44025208449188,0.0743260418683861,0.0546691980472277,-0.855728676909057,1.49071115061891,0.463,0.746666666666667,0.792452830188679
TDZ2G + ABZ7D,Nitroimidazole E_{max},1.50783173717814,0.321238030967103,4.2137363676358,0.357188219528605,0.41067268323964,-1.13557290115675,1.43834975235136,0.500666666666667,0.76,0.792452830188679
TDZ2G + ABZ7D,Nitroimidazole concentration scale,1.06064157896736,0.20303756037644,3.37315989564031,-0.0201841634007403,0.0588739882028492,-1.59436429057071,1.21584995953357,0.500666666666667,0.76,0.792452830188679
TDZ2G + ABZ7D,Albendazole E_{max},1.2301863294931,0.607876376846624,2.06929219500669,0.182986209020607,0.20716514694698,-0.497783745244715,0.727206614024876,0.500666666666667,0.76,0.792452830188679
TDZ2G + ABZ7D,Albendazole concentration scale,0.912460877404379,0.429213546680792,2.44012637719838,-0.0734391708030098,-0.0916100685220031,-0.845800706093693,0.892049831897615,0.500666666666667,0.76,0.792452830188679
